<?xml version="1.0" encoding="UTF-8" standalone="no"?>
<Canvas xmlns="http://www.jgrasp.org">
  <Language>Java</Language>
  <ShowTypes>false</ShowTypes>
  <Version>2</Version>
  <Grid>
    <Snap>true</Snap>
    <Show>false</Show>
  </Grid>
  <Scope id="0">
    <Name>main</Name>
    <Signature>([Ljava/lang/String;)V</Signature>
    <DeclaringType>ArrayExamples</DeclaringType>
    <Depth>0</Depth>
  </Scope>
  <Frame>
    <Bounds>
      <AutoSize>true</AutoSize>
      <X>30</X>
      <Y>450</Y>
      <W>298</W>
      <H>87</H>
    </Bounds>
    <Viewer>
      <ScopeID>0</ScopeID>
      <Expression>myDoubles</Expression>
      <ViewerClass>_X_A_PresentationView</ViewerClass>
      <ViewerData>
        <Width>43</Width>
      </ViewerData>
    </Viewer>
  </Frame>
  <Frame>
    <Bounds>
      <AutoSize>true</AutoSize>
      <X>30</X>
      <Y>610</Y>
      <W>618</W>
      <H>122</H>
    </Bounds>
    <Viewer>
      <ScopeID>0</ScopeID>
      <Expression>myStrings</Expression>
      <ViewerClass>_X_A_PresentationView</ViewerClass>
      <ViewerData>
        <Width>99</Width>
      </ViewerData>
    </Viewer>
  </Frame>
  <Frame>
    <Bounds>
      <AutoSize>true</AutoSize>
      <X>30</X>
      <Y>70</Y>
      <W>298</W>
      <H>87</H>
    </Bounds>
    <Viewer>
      <ScopeID>0</ScopeID>
      <Expression>myInts</Expression>
      <ViewerClass>_X_A_PresentationView</ViewerClass>
      <ViewerData>
        <Width>43</Width>
      </ViewerData>
    </Viewer>
  </Frame>
  <Frame>
    <Bounds>
      <AutoSize>true</AutoSize>
      <X>30</X>
      <Y>190</Y>
      <W>298</W>
      <H>87</H>
    </Bounds>
    <Viewer>
      <ScopeID>0</ScopeID>
      <Expression>myChar</Expression>
      <ViewerClass>_X_A_PresentationView</ViewerClass>
      <ViewerData>
        <Width>43</Width>
      </ViewerData>
    </Viewer>
  </Frame>
  <Frame>
    <Bounds>
      <AutoSize>true</AutoSize>
      <X>380</X>
      <Y>570</Y>
      <W>86</W>
      <H>48</H>
    </Bounds>
    <LabelLoc>
      <WO>false</WO>
    </LabelLoc>
    <Viewer>
      <ScopeID>0</ScopeID>
      <Expression>`local int` len</Expression>
      <ViewerClass>_X_PresentationToStringView</ViewerClass>
    </Viewer>
  </Frame>
  <Frame>
    <Bounds>
      <AutoSize>true</AutoSize>
      <X>30</X>
      <Y>320</Y>
      <W>298</W>
      <H>87</H>
    </Bounds>
    <Viewer>
      <ScopeID>0</ScopeID>
      <Expression>myBooleans</Expression>
      <ViewerClass>_X_A_PresentationView</ViewerClass>
      <ViewerData>
        <Width>43</Width>
      </ViewerData>
    </Viewer>
  </Frame>
  <Size>
    <W>603</W>
    <H>868</H>
  </Size>
  <ESize>
    <W>603</W>
    <H>868</H>
  </ESize>
</Canvas>
