<?xml version="1.0" encoding="UTF-8" standalone="no"?>
<Canvas xmlns="http://www.jgrasp.org">
  <Language>Java</Language>
  <ShowTypes>true</ShowTypes>
  <Version>2</Version>
  <Grid>
    <Snap>true</Snap>
    <Show>false</Show>
  </Grid>
  <Scope id="0">
    <Name>main</Name>
    <Signature>([Ljava/lang/String;)V</Signature>
    <DeclaringType>PolygonCheck</DeclaringType>
    <Depth>0</Depth>
  </Scope>
  <Frame>
    <Bounds>
      <AutoSize>true</AutoSize>
      <X>160</X>
      <Y>560</Y>
      <W>84</W>
      <H>77</H>
    </Bounds>
    <LabelLoc>
      <WO>false</WO>
    </LabelLoc>
    <Viewer>
      <ScopeID>0</ScopeID>
      <Expression>`local double` r</Expression>
      <ViewerClass>_X_PresentationToStringView</ViewerClass>
    </Viewer>
  </Frame>
  <Frame>
    <Bounds>
      <AutoSize>true</AutoSize>
      <X>40</X>
      <Y>560</Y>
      <W>84</W>
      <H>77</H>
    </Bounds>
    <LabelLoc>
      <WO>false</WO>
    </LabelLoc>
    <Viewer>
      <ScopeID>0</ScopeID>
      <Expression>s</Expression>
      <ViewerClass>_X_PresentationToStringView</ViewerClass>
    </Viewer>
  </Frame>
  <Frame>
    <Bounds>
      <AutoSize>true</AutoSize>
      <X>30</X>
      <Y>440</Y>
      <W>276</W>
      <H>79</H>
    </Bounds>
    <Viewer>
      <ScopeID>0</ScopeID>
      <Expression>sides3</Expression>
      <ViewerClass>_X_A_PresentationView</ViewerClass>
      <ViewerData>
        <Width>57</Width>
      </ViewerData>
    </Viewer>
  </Frame>
  <Frame>
    <Bounds>
      <AutoSize>true</AutoSize>
      <X>30</X>
      <Y>40</Y>
      <W>276</W>
      <H>88</H>
    </Bounds>
    <Viewer>
      <ScopeID>0</ScopeID>
      <Expression>sides1</Expression>
      <ViewerClass>java__lang__Object_LinkedView</ViewerClass>
      <ViewerData>
        <ViewData>
          <Width>60</Width>
        </ViewData>
      </ViewerData>
    </Viewer>
  </Frame>
  <Frame>
    <Bounds>
      <AutoSize>false</AutoSize>
      <X>30</X>
      <Y>290</Y>
      <W>488</W>
      <H>135</H>
    </Bounds>
    <PanelSize>
      <Key>_X_A_PresentationView0</Key>
      <Order>4</Order>
      <W>494</W>
      <H>167</H>
    </PanelSize>
    <Viewer>
      <ScopeID>0</ScopeID>
      <Expression>sides2</Expression>
      <ViewerClass>_X_A_PresentationView</ViewerClass>
      <ViewerData>
        <Width>57</Width>
      </ViewerData>
    </Viewer>
  </Frame>
  <Frame>
    <Bounds>
      <AutoSize>true</AutoSize>
      <X>30</X>
      <Y>180</Y>
      <W>211</W>
      <H>45</H>
    </Bounds>
    <Viewer>
      <ScopeID>0</ScopeID>
      <Expression>shape</Expression>
      <ViewerClass>_X_ElementView</ViewerClass>
    </Viewer>
  </Frame>
  <Size>
    <W>611</W>
    <H>873</H>
  </Size>
  <ESize>
    <W>611</W>
    <H>873</H>
  </ESize>
</Canvas>
