<?xml version="1.0" encoding="UTF-8" standalone="no"?>
<Canvas xmlns="http://www.jgrasp.org">
  <Language>Java</Language>
  <ShowTypes>false</ShowTypes>
  <Version>2</Version>
  <Grid>
    <Snap>true</Snap>
    <Show>false</Show>
  </Grid>
  <Scope id="0">
    <Name>main</Name>
    <Signature>([Ljava/lang/String;)V</Signature>
    <DeclaringType>ScoresExample</DeclaringType>
    <Depth>0</Depth>
  </Scope>
  <Frame>
    <Bounds>
      <AutoSize>true</AutoSize>
      <X>130</X>
      <Y>220</Y>
      <W>151</W>
      <H>376</H>
    </Bounds>
    <Viewer>
      <ScopeID>0</ScopeID>
      <Expression>`local int[]` scores</Expression>
      <Indices>i</Indices>
      <ViewerClass>java__lang__Object_LinkedView</ViewerClass>
      <ViewerData>
        <ViewData>
          <Vertical>true</Vertical>
        </ViewData>
      </ViewerData>
    </Viewer>
  </Frame>
  <Frame>
    <Bounds>
      <AutoSize>true</AutoSize>
      <X>530</X>
      <Y>222</Y>
      <W>126</W>
      <H>304</H>
    </Bounds>
    <Viewer>
      <ScopeID>0</ScopeID>
      <Expression>`local int[]` scores</Expression>
      <ViewerClass>_X_ElementView</ViewerClass>
    </Viewer>
  </Frame>
  <Frame>
    <Bounds>
      <AutoSize>true</AutoSize>
      <X>60</X>
      <Y>50</Y>
      <W>634</W>
      <H>98</H>
    </Bounds>
    <Viewer>
      <ScopeID>0</ScopeID>
      <Expression>`local int[]` scores</Expression>
      <ViewerClass>_X_A_PresentationView</ViewerClass>
      <ViewerData>
        <Width>43</Width>
      </ViewerData>
    </Viewer>
  </Frame>
  <Frame>
    <Bounds>
      <AutoSize>false</AutoSize>
      <X>100</X>
      <Y>680</Y>
      <W>248</W>
      <H>38</H>
    </Bounds>
    <PanelSize>
      <Key>_X_PresentationToStringView0</Key>
      <Order>4</Order>
      <W>254</W>
      <H>73</H>
    </PanelSize>
    <Viewer>
      <ScopeID>0</ScopeID>
      <Expression>`local int[]` scores</Expression>
      <ViewerClass>_X_PresentationToStringView</ViewerClass>
    </Viewer>
  </Frame>
  <Frame>
    <Bounds>
      <AutoSize>true</AutoSize>
      <X>350</X>
      <Y>220</Y>
      <W>96</W>
      <H>228</H>
    </Bounds>
    <Viewer>
      <ScopeID>0</ScopeID>
      <Expression>`local int[]` scores</Expression>
      <ViewerClass>_X_A_ToStringView</ViewerClass>
    </Viewer>
  </Frame>
  <Frame>
    <Bounds>
      <AutoSize>true</AutoSize>
      <X>670</X>
      <Y>230</Y>
      <W>284</W>
      <H>44</H>
    </Bounds>
    <PanelSize>
      <Key>_X_PresentationToStringView0</Key>
      <Order>4</Order>
      <W>254</W>
      <H>77</H>
    </PanelSize>
    <Viewer>
      <ScopeID>0</ScopeID>
      <Expression>`local int[]` scores</Expression>
      <ViewerClass>_X_BasicView</ViewerClass>
    </Viewer>
  </Frame>
  <TextBox>
    <Text>Presentation viewer</Text>
    <Position>
      <X>60</X>
      <Y>130</Y>
    </Position>
    <Transparent>true</Transparent>
  </TextBox>
  <TextBox>
    <Text>Presentation viewer (rotated)</Text>
    <Position>
      <X>100</X>
      <Y>590</Y>
    </Position>
    <Transparent>true</Transparent>
  </TextBox>
  <TextBox>
    <Text>Array Elements viewer</Text>
    <Position>
      <X>300</X>
      <Y>470</Y>
    </Position>
    <Transparent>true</Transparent>
  </TextBox>
  <TextBox>
    <Text>Basic viewer</Text>
    <Position>
      <X>540</X>
      <Y>560</Y>
    </Position>
    <Transparent>true</Transparent>
  </TextBox>
  <TextBox>
    <Text>Detail (or debug) viewer</Text>
    <Position>
      <X>720</X>
      <Y>560</Y>
    </Position>
    <Transparent>true</Transparent>
  </TextBox>
  <TextBox>
    <Text>Presentation String viewer</Text>
    <Position>
      <X>350</X>
      <Y>680</Y>
    </Position>
    <Transparent>true</Transparent>
  </TextBox>
  <Size>
    <W>960</W>
    <H>873</H>
  </Size>
  <ESize>
    <W>960</W>
    <H>873</H>
  </ESize>
</Canvas>
