<?xml version="1.0" encoding="UTF-8" standalone="no"?>
<Canvas xmlns="http://www.jgrasp.org">
  <Language>Java</Language>
  <ShowTypes>false</ShowTypes>
  <Version>2</Version>
  <Grid>
    <Snap>true</Snap>
    <Show>false</Show>
  </Grid>
  <Scope id="0">
    <Name>main</Name>
    <Signature>([Ljava/lang/String;)V</Signature>
    <DeclaringType>TwoDArraySumElements</DeclaringType>
    <Depth>0</Depth>
  </Scope>
  <Frame>
    <Bounds>
      <AutoSize>true</AutoSize>
      <X>40</X>
      <Y>450</Y>
      <W>93</W>
      <H>53</H>
    </Bounds>
    <LabelLoc>
      <WO>false</WO>
    </LabelLoc>
    <Viewer>
      <ScopeID>0</ScopeID>
      <Expression>`local int` row</Expression>
      <ViewerClass>_X_ElementView</ViewerClass>
    </Viewer>
  </Frame>
  <Frame>
    <Bounds>
      <AutoSize>true</AutoSize>
      <X>250</X>
      <Y>450</Y>
      <W>93</W>
      <H>53</H>
    </Bounds>
    <LabelLoc>
      <WO>false</WO>
    </LabelLoc>
    <Viewer>
      <ScopeID>0</ScopeID>
      <Expression>`local int` total</Expression>
      <ViewerClass>_X_ElementView</ViewerClass>
    </Viewer>
  </Frame>
  <Frame>
    <Bounds>
      <AutoSize>true</AutoSize>
      <X>140</X>
      <Y>450</Y>
      <W>93</W>
      <H>53</H>
    </Bounds>
    <LabelLoc>
      <WO>false</WO>
    </LabelLoc>
    <Viewer>
      <ScopeID>0</ScopeID>
      <Expression>`local int` col</Expression>
      <ViewerClass>_X_ElementView</ViewerClass>
    </Viewer>
  </Frame>
  <Frame>
    <Bounds>
      <AutoSize>true</AutoSize>
      <X>40</X>
      <Y>60</Y>
      <W>292</W>
      <H>171</H>
    </Bounds>
    <Viewer>
      <ScopeID>0</ScopeID>
      <Expression>`local int[][]` table</Expression>
      <Indices>row</Indices>
      <ViewerClass>java__lang__Object_LinkedView</ViewerClass>
      <ViewerData>
        <ViewData>
          <Width>100</Width>
          <Vertical>true</Vertical>
        </ViewData>
      </ViewerData>
    </Viewer>
  </Frame>
  <Frame>
    <Bounds>
      <AutoSize>true</AutoSize>
      <X>40</X>
      <Y>270</Y>
      <W>259</W>
      <H>144</H>
    </Bounds>
    <Viewer>
      <Expression>table[row]</Expression>
      <Indices>col</Indices>
      <ViewerClass>java__lang__Object_LinkedView</ViewerClass>
    </Viewer>
  </Frame>
  <Frame>
    <Bounds>
      <AutoSize>false</AutoSize>
      <X>50</X>
      <Y>610</Y>
      <W>361</W>
      <H>141</H>
    </Bounds>
    <PanelSize>
      <Key>_X_A_A_ToStringView0</Key>
      <Order>4</Order>
      <W>364</W>
      <H>173</H>
    </PanelSize>
    <Viewer>
      <ScopeID>0</ScopeID>
      <Expression>`local int[][]` table</Expression>
      <ViewerClass>_X_A_A_ToStringView</ViewerClass>
    </Viewer>
  </Frame>
  <Size>
    <W>465</W>
    <H>849</H>
  </Size>
  <ESize>
    <W>465</W>
    <H>849</H>
  </ESize>
</Canvas>
