<?xml version="1.0" encoding="UTF-8" standalone="no"?>
<Canvas xmlns="http://www.jgrasp.org">
  <Language>Java</Language>
  <ShowTypes>false</ShowTypes>
  <Version>2</Version>
  <Grid>
    <Snap>true</Snap>
    <Show>false</Show>
  </Grid>
  <Scope id="0">
    <Name>main</Name>
    <Signature>([Ljava/lang/String;)V</Signature>
    <DeclaringType>TwoDArraySums</DeclaringType>
    <Depth>0</Depth>
  </Scope>
  <Frame>
    <Bounds>
      <AutoSize>true</AutoSize>
      <X>40</X>
      <Y>600</Y>
      <W>256</W>
      <H>107</H>
    </Bounds>
    <Viewer>
      <ScopeID>0</ScopeID>
      <Expression>table[2]</Expression>
      <ViewerClass>java__lang__Object_LinkedView</ViewerClass>
    </Viewer>
  </Frame>
  <Frame>
    <Bounds>
      <AutoSize>true</AutoSize>
      <X>62</X>
      <Y>116</Y>
      <W>438</W>
      <H>168</H>
    </Bounds>
    <Viewer>
      <ScopeID>0</ScopeID>
      <Expression>table</Expression>
      <ViewerClass>_X_A_A_ToStringView</ViewerClass>
    </Viewer>
  </Frame>
  <Frame>
    <Bounds>
      <AutoSize>true</AutoSize>
      <X>40</X>
      <Y>390</Y>
      <W>209</W>
      <H>134</H>
    </Bounds>
    <Viewer>
      <ScopeID>0</ScopeID>
      <Expression>table</Expression>
      <ViewerClass>_X_ElementView</ViewerClass>
    </Viewer>
  </Frame>
  <Frame>
    <Bounds>
      <AutoSize>true</AutoSize>
      <X>540</X>
      <Y>510</Y>
      <W>74</W>
      <H>50</H>
    </Bounds>
    <LabelLoc>
      <WO>false</WO>
    </LabelLoc>
    <Viewer>
      <ScopeID>0</ScopeID>
      <Expression>table[2][3]</Expression>
      <ViewerClass>_X_ElementView</ViewerClass>
    </Viewer>
  </Frame>
  <Size>
    <W>749</W>
    <H>861</H>
  </Size>
  <ESize>
    <W>749</W>
    <H>861</H>
  </ESize>
</Canvas>
