<?xml version="1.0" encoding="UTF-8" standalone="no"?>
<Canvas xmlns="http://www.jgrasp.org">
  <Language>Java</Language>
  <ShowTypes>false</ShowTypes>
  <Version>2</Version>
  <Grid>
    <Snap>true</Snap>
    <Show>false</Show>
  </Grid>
  <Scope id="0">
    <Name>main</Name>
    <Signature>([Ljava/lang/String;)V</Signature>
    <DeclaringType>TwoDArrayStrings</DeclaringType>
    <Depth>0</Depth>
  </Scope>
  <Frame>
    <Bounds>
      <AutoSize>false</AutoSize>
      <X>40</X>
      <Y>100</Y>
      <W>558</W>
      <H>184</H>
    </Bounds>
    <PanelSize>
      <Key>_X_A_A_ToStringView0</Key>
      <Order>4</Order>
      <W>564</W>
      <H>214</H>
    </PanelSize>
    <Viewer>
      <ScopeID>0</ScopeID>
      <Expression>table</Expression>
      <ViewerClass>_X_A_A_ToStringView</ViewerClass>
      <ViewerData>
        <Cols>6</Cols>
      </ViewerData>
    </Viewer>
  </Frame>
  <Frame>
    <Bounds>
      <AutoSize>true</AutoSize>
      <X>40</X>
      <Y>330</Y>
      <W>72</W>
      <H>55</H>
    </Bounds>
    <LabelLoc>
      <WO>false</WO>
    </LabelLoc>
    <Viewer>
      <ScopeID>0</ScopeID>
      <Expression>row</Expression>
      <ViewerClass>_X_PresentationToStringView</ViewerClass>
    </Viewer>
  </Frame>
  <Frame>
    <Bounds>
      <AutoSize>true</AutoSize>
      <X>120</X>
      <Y>330</Y>
      <W>80</W>
      <H>54</H>
    </Bounds>
    <LabelLoc>
      <WO>false</WO>
    </LabelLoc>
    <Viewer>
      <ScopeID>0</ScopeID>
      <Expression>`local int` col</Expression>
      <ViewerClass>_X_ElementView</ViewerClass>
    </Viewer>
  </Frame>
  <Frame>
    <Bounds>
      <AutoSize>true</AutoSize>
      <X>210</X>
      <Y>330</Y>
      <W>72</W>
      <H>55</H>
    </Bounds>
    <Viewer>
      <ScopeID>0</ScopeID>
      <Expression>table[row][col]</Expression>
      <ViewerClass>_X_PresentationToStringView</ViewerClass>
    </Viewer>
  </Frame>
  <Size>
    <W>693</W>
    <H>625</H>
  </Size>
  <ESize>
    <W>693</W>
    <H>625</H>
  </ESize>
</Canvas>
