<?xml version="1.0" encoding="UTF-8" standalone="no"?>
<Canvas xmlns="http://www.jgrasp.org">
  <Language>Java</Language>
  <ShowTypes>false</ShowTypes>
  <Version>2</Version>
  <Grid>
    <Snap>true</Snap>
    <Show>false</Show>
  </Grid>
  <Scope id="0">
    <Name>main</Name>
    <Signature>([Ljava/lang/String;)V</Signature>
    <DeclaringType>PigLatin</DeclaringType>
    <Depth>0</Depth>
  </Scope>
  <Scope id="1">
    <Name>translate</Name>
    <Signature>(Ljava/lang/String;)Ljava/lang/String;</Signature>
    <DeclaringType>PigLatinTranslator</DeclaringType>
    <Depth>1</Depth>
  </Scope>
  <Frame>
    <Bounds>
      <AutoSize>true</AutoSize>
      <X>90</X>
      <Y>390</Y>
      <W>104</W>
      <H>55</H>
    </Bounds>
    <Viewer>
      <Expression>word</Expression>
      <ViewerClass>java__lang__String_FormattedView</ViewerClass>
    </Viewer>
  </Frame>
  <Frame>
    <Bounds>
      <AutoSize>true</AutoSize>
      <X>80</X>
      <Y>52</Y>
      <W>370</W>
      <H>65</H>
    </Bounds>
    <Viewer>
      <ScopeID>0</ScopeID>
      <Expression>`local java.lang.String` sentence</Expression>
      <ViewerClass>java__lang__String_FormattedView</ViewerClass>
    </Viewer>
  </Frame>
  <Frame>
    <Bounds>
      <AutoSize>true</AutoSize>
      <X>80</X>
      <Y>510</Y>
      <W>114</W>
      <H>65</H>
    </Bounds>
    <Viewer>
      <ScopeID>1</ScopeID>
      <Expression>`local java.lang.String` result</Expression>
      <ViewerClass>java__lang__String_FormattedView</ViewerClass>
    </Viewer>
  </Frame>
  <Frame>
    <Bounds>
      <AutoSize>false</AutoSize>
      <X>50</X>
      <Y>140</Y>
      <W>974</W>
      <H>192</H>
    </Bounds>
    <PanelSize>
      <Key>java__util__Scanner_PresentationView0</Key>
      <Order>4</Order>
      <W>980</W>
      <H>233</H>
    </PanelSize>
    <Viewer>
      <ScopeID>1</ScopeID>
      <Expression>`local java.util.Scanner` scan</Expression>
      <ViewerClass>java__util__Scanner_PresentationView</ViewerClass>
    </Viewer>
  </Frame>
  <Size>
    <W>859</W>
    <H>629</H>
  </Size>
  <ESize>
    <W>859</W>
    <H>629</H>
  </ESize>
</Canvas>
