<?xml version="1.0" encoding="UTF-8" standalone="no"?>
<Canvas xmlns="http://www.jgrasp.org">
  <Language>Java</Language>
  <Grid>
    <Snap>true</Snap>
    <Show>false</Show>
  </Grid>
  <Scope id="0">
    <Name>main</Name>
    <Signature>([Ljava/lang/String;)V</Signature>
    <DeclaringType>AddMultiplyIntsToDouble</DeclaringType>
    <Depth>0</Depth>
  </Scope>
  <Frame>
    <Bounds>
      <AutoSize>true</AutoSize>
      <X>390</X>
      <Y>130</Y>
      <W>175</W>
      <H>36</H>
    </Bounds>
    <LabelLoc>
      <X>-1</X>
      <Y>16</Y>
      <H>LEFT</H>
      <V>CENTER</V>
      <WO>false</WO>
    </LabelLoc>
    <Viewer>
      <ScopeID>0</ScopeID>
      <Expression>dProduct</Expression>
      <ViewerClass>_X_PresentationToStringView</ViewerClass>
    </Viewer>
  </Frame>
  <Frame>
    <Bounds>
      <AutoSize>true</AutoSize>
      <X>390</X>
      <Y>70</Y>
      <W>174</W>
      <H>36</H>
    </Bounds>
    <LabelLoc>
      <X>-1</X>
      <Y>16</Y>
      <H>LEFT</H>
      <V>CENTER</V>
      <WO>false</WO>
    </LabelLoc>
    <Viewer>
      <ScopeID>0</ScopeID>
      <Expression>product</Expression>
      <ViewerClass>_X_PresentationToStringView</ViewerClass>
    </Viewer>
  </Frame>
  <Frame>
    <Bounds>
      <AutoSize>true</AutoSize>
      <X>70</X>
      <Y>70</Y>
      <W>50</W>
      <H>36</H>
    </Bounds>
    <LabelLoc>
      <X>-1</X>
      <Y>16</Y>
      <H>LEFT</H>
      <V>CENTER</V>
      <WO>false</WO>
    </LabelLoc>
    <Viewer>
      <ScopeID>0</ScopeID>
      <Expression>i</Expression>
      <ViewerClass>_X_PresentationToStringView</ViewerClass>
    </Viewer>
  </Frame>
  <Frame>
    <Bounds>
      <AutoSize>false</AutoSize>
      <X>50</X>
      <Y>190</Y>
      <W>643</W>
      <H>110</H>
    </Bounds>
    <Viewer>
      <ScopeID>0</ScopeID>
      <Expression>product</Expression>
      <ViewerClass>long_LongView</ViewerClass>
    </Viewer>
  </Frame>
  <Frame>
    <Bounds>
      <AutoSize>false</AutoSize>
      <X>50</X>
      <Y>330</Y>
      <W>663</W>
      <H>310</H>
    </Bounds>
    <Viewer>
      <ScopeID>0</ScopeID>
      <Expression>dProduct</Expression>
      <ViewerClass>double_DoubleView</ViewerClass>
    </Viewer>
  </Frame>
  <Frame>
    <Bounds>
      <AutoSize>true</AutoSize>
      <X>220</X>
      <Y>130</Y>
      <W>53</W>
      <H>36</H>
    </Bounds>
    <LabelLoc>
      <X>-1</X>
      <Y>16</Y>
      <H>LEFT</H>
      <V>CENTER</V>
      <WO>false</WO>
    </LabelLoc>
    <Viewer>
      <ScopeID>0</ScopeID>
      <Expression>dSum</Expression>
      <ViewerClass>_X_PresentationToStringView</ViewerClass>
    </Viewer>
  </Frame>
  <Frame>
    <Bounds>
      <AutoSize>true</AutoSize>
      <X>220</X>
      <Y>70</Y>
      <W>50</W>
      <H>36</H>
    </Bounds>
    <LabelLoc>
      <X>-1</X>
      <Y>16</Y>
      <H>LEFT</H>
      <V>CENTER</V>
      <WO>false</WO>
    </LabelLoc>
    <Viewer>
      <ScopeID>0</ScopeID>
      <Expression>sum</Expression>
      <ViewerClass>_X_PresentationToStringView</ViewerClass>
    </Viewer>
  </Frame>
  <Frame>
    <Bounds>
      <AutoSize>true</AutoSize>
      <X>70</X>
      <Y>20</Y>
      <W>50</W>
      <H>36</H>
    </Bounds>
    <LabelLoc>
      <X>-1</X>
      <Y>16</Y>
      <H>LEFT</H>
      <V>CENTER</V>
      <WO>false</WO>
    </LabelLoc>
    <Viewer>
      <ScopeID>0</ScopeID>
      <Expression>n</Expression>
      <ViewerClass>_X_PresentationToStringView</ViewerClass>
    </Viewer>
  </Frame>
  <Size>
    <W>835</W>
    <H>790</H>
  </Size>
</Canvas>
