<?xml version="1.0" encoding="UTF-8" standalone="no"?>
<Canvas xmlns="http://www.jgrasp.org">
  <Language>Java</Language>
  <ShowTypes>false</ShowTypes>
  <Version>2</Version>
  <Grid>
    <Snap>true</Snap>
    <Show>false</Show>
  </Grid>
  <Scope id="0">
    <Name>main</Name>
    <Signature>([Ljava/lang/String;)V</Signature>
    <DeclaringType>AddMultiply</DeclaringType>
    <Depth>0</Depth>
  </Scope>
  <Frame>
    <Bounds>
      <AutoSize>false</AutoSize>
      <X>20</X>
      <Y>600</Y>
      <W>561</W>
      <H>135</H>
    </Bounds>
    <PanelSize>
      <Key>java__lang__String_FormattedWrapView0</Key>
      <Order>4</Order>
      <W>564</W>
      <H>168</H>
    </PanelSize>
    <PanelSize>
      <Key>_X_PresentationToStringView0</Key>
      <Order>3</Order>
      <W>684</W>
      <H>98</H>
    </PanelSize>
    <Viewer>
      <Expression>new java.math.BigDecimal(productW).toString()</Expression>
      <ViewerClass>java__lang__String_FormattedWrapView</ViewerClass>
    </Viewer>
  </Frame>
  <Frame>
    <Bounds>
      <AutoSize>true</AutoSize>
      <X>20</X>
      <Y>44</Y>
      <W>97</W>
      <H>62</H>
    </Bounds>
    <LabelLoc>
      <WO>false</WO>
    </LabelLoc>
    <Viewer>
      <ScopeID>0</ScopeID>
      <Expression>`local int` n</Expression>
      <ViewerClass>_X_ElementView</ViewerClass>
    </Viewer>
  </Frame>
  <Frame>
    <Bounds>
      <AutoSize>false</AutoSize>
      <X>110</X>
      <Y>284</Y>
      <W>251</W>
      <H>57</H>
    </Bounds>
    <PanelSize>
      <Key>_X_ElementView0</Key>
      <Order>4</Order>
      <W>254</W>
      <H>90</H>
    </PanelSize>
    <LabelLoc>
      <WO>false</WO>
    </LabelLoc>
    <Viewer>
      <ScopeID>0</ScopeID>
      <Expression>`local long` product</Expression>
      <ViewerClass>_X_ElementView</ViewerClass>
    </Viewer>
  </Frame>
  <Frame>
    <Bounds>
      <AutoSize>true</AutoSize>
      <X>20</X>
      <Y>284</Y>
      <W>97</W>
      <H>62</H>
    </Bounds>
    <LabelLoc>
      <WO>false</WO>
    </LabelLoc>
    <Viewer>
      <ScopeID>0</ScopeID>
      <Expression>`local int` k</Expression>
      <ViewerClass>_X_ElementView</ViewerClass>
    </Viewer>
  </Frame>
  <Frame>
    <Bounds>
      <AutoSize>false</AutoSize>
      <X>110</X>
      <Y>364</Y>
      <W>251</W>
      <H>57</H>
    </Bounds>
    <PanelSize>
      <Key>_X_ElementView0</Key>
      <Order>4</Order>
      <W>254</W>
      <H>90</H>
    </PanelSize>
    <LabelLoc>
      <WO>false</WO>
    </LabelLoc>
    <Viewer>
      <ScopeID>0</ScopeID>
      <Expression>`local double` productW</Expression>
      <ViewerClass>_X_ElementView</ViewerClass>
    </Viewer>
  </Frame>
  <Frame>
    <Bounds>
      <AutoSize>false</AutoSize>
      <X>20</X>
      <Y>760</Y>
      <W>561</W>
      <H>156</H>
    </Bounds>
    <PanelSize>
      <Key>java__lang__String_FormattedWrapView0</Key>
      <Order>4</Order>
      <W>564</W>
      <H>189</H>
    </PanelSize>
    <Viewer>
      <Expression>new java.text.DecimalFormat("#,##0.0##").format(new java.math.BigDecimal(productW))</Expression>
      <ViewerClass>java__lang__String_FormattedWrapView</ViewerClass>
    </Viewer>
  </Frame>
  <Frame>
    <Bounds>
      <AutoSize>false</AutoSize>
      <X>20</X>
      <Y>444</Y>
      <W>571</W>
      <H>156</H>
    </Bounds>
    <PanelSize>
      <Key>java__lang__String_FormattedWrapView0</Key>
      <Order>4</Order>
      <W>574</W>
      <H>189</H>
    </PanelSize>
    <Viewer>
      <Expression>new java.text.DecimalFormat("#,##0.0##").format(productW)</Expression>
      <ViewerClass>java__lang__String_FormattedWrapView</ViewerClass>
    </Viewer>
  </Frame>
  <Frame>
    <Bounds>
      <AutoSize>true</AutoSize>
      <X>20</X>
      <Y>114</Y>
      <W>97</W>
      <H>62</H>
    </Bounds>
    <LabelLoc>
      <WO>false</WO>
    </LabelLoc>
    <Viewer>
      <ScopeID>0</ScopeID>
      <Expression>`local int` i</Expression>
      <ViewerClass>_X_ElementView</ViewerClass>
    </Viewer>
  </Frame>
  <Frame>
    <Bounds>
      <AutoSize>true</AutoSize>
      <X>110</X>
      <Y>194</Y>
      <W>97</W>
      <H>62</H>
    </Bounds>
    <LabelLoc>
      <WO>false</WO>
    </LabelLoc>
    <Viewer>
      <ScopeID>0</ScopeID>
      <Expression>`local int` sumW</Expression>
      <ViewerClass>_X_ElementView</ViewerClass>
    </Viewer>
  </Frame>
  <Frame>
    <Bounds>
      <AutoSize>true</AutoSize>
      <X>20</X>
      <Y>194</Y>
      <W>97</W>
      <H>62</H>
    </Bounds>
    <LabelLoc>
      <WO>false</WO>
    </LabelLoc>
    <Viewer>
      <ScopeID>0</ScopeID>
      <Expression>`local int` j</Expression>
      <ViewerClass>_X_ElementView</ViewerClass>
    </Viewer>
  </Frame>
  <Frame>
    <Bounds>
      <AutoSize>true</AutoSize>
      <X>110</X>
      <Y>114</Y>
      <W>97</W>
      <H>62</H>
    </Bounds>
    <LabelLoc>
      <WO>false</WO>
    </LabelLoc>
    <Viewer>
      <ScopeID>0</ScopeID>
      <Expression>`local int` sum</Expression>
      <ViewerClass>_X_ElementView</ViewerClass>
    </Viewer>
  </Frame>
  <Frame>
    <Bounds>
      <AutoSize>true</AutoSize>
      <X>20</X>
      <Y>364</Y>
      <W>97</W>
      <H>62</H>
    </Bounds>
    <LabelLoc>
      <WO>false</WO>
    </LabelLoc>
    <Viewer>
      <ScopeID>0</ScopeID>
      <Expression>`local int` m</Expression>
      <ViewerClass>_X_ElementView</ViewerClass>
    </Viewer>
  </Frame>
  <Size>
    <W>700</W>
    <H>896</H>
  </Size>
  <ESize>
    <W>700</W>
    <H>896</H>
  </ESize>
</Canvas>
