<?xml version="1.0" encoding="UTF-8" standalone="no"?>
<Canvas xmlns="http://www.jgrasp.org">
  <Language>Java</Language>
  <ShowTypes>false</ShowTypes>
  <Version>2</Version>
  <Grid>
    <Snap>true</Snap>
    <Show>false</Show>
  </Grid>
  <Scope id="0">
    <Name>main</Name>
    <Signature>([Ljava/lang/String;)V</Signature>
    <DeclaringType>BreakForExample</DeclaringType>
    <Depth>0</Depth>
  </Scope>
  <Frame>
    <Bounds>
      <AutoSize>false</AutoSize>
      <X>5</X>
      <Y>70</Y>
      <W>954</W>
      <H>218</H>
    </Bounds>
    <PanelSize>
      <Key>java__lang__String_CharArrayView0</Key>
      <Order>4</Order>
      <W>960</W>
      <H>257</H>
    </PanelSize>
    <Viewer>
      <ScopeID>0</ScopeID>
      <Expression>`local java.lang.String` searchMe</Expression>
      <Indices>index</Indices>
      <ViewerClass>java__lang__String_CharArrayView</ViewerClass>
    </Viewer>
  </Frame>
  <Size>
    <W>1113</W>
    <H>540</H>
  </Size>
  <ESize>
    <W>1113</W>
    <H>540</H>
  </ESize>
</Canvas>
