<?xml version="1.0" encoding="UTF-8" standalone="no"?>
<Canvas xmlns="http://www.jgrasp.org">
  <Language>Java</Language>
  <Grid>
    <Snap>true</Snap>
    <Show>false</Show>
  </Grid>
  <Frame>
    <Bounds>
      <AutoSize>true</AutoSize>
      <X>160</X>
      <Y>130</Y>
      <W>50</W>
      <H>36</H>
    </Bounds>
    <Viewer>
      <Expression>s1</Expression>
      <ViewerClass>_X_PresentationToStringView</ViewerClass>
    </Viewer>
  </Frame>
  <Frame>
    <Bounds>
      <AutoSize>true</AutoSize>
      <X>160</X>
      <Y>60</Y>
      <W>50</W>
      <H>36</H>
    </Bounds>
    <Viewer>
      <Expression>s</Expression>
      <ViewerClass>_X_PresentationToStringView</ViewerClass>
    </Viewer>
  </Frame>
  <Size>
    <W>800</W>
    <H>450</H>
  </Size>
</Canvas>
